asmofficiel	bristolbears
asmofficiel	championscup
asmofficiel	francerugby
asmofficiel	harlequins
asmofficiel	leinsterrugby
asmofficiel	mhr_officiel
asmofficiel	munsterrugby
asmofficiel	racing92
asmofficiel	rctofficiel
asmofficiel	saintsrugby
asmofficiel	saracens
asmofficiel	scotlandteam
asmofficiel	sfparisrugby
asmofficiel	stadetoulousain
asmofficiel	ulsterrugby
asmofficiel	worldrugby
bristolbears	asmofficiel
bristolbears	championscup
bristolbears	connachtrugby
bristolbears	englandrugby
bristolbears	exeterchiefs
bristolbears	federugby
bristolbears	harlequins
bristolbears	irishrugby
bristolbears	leinsterrugby
bristolbears	munsterrugby
bristolbears	premrugby
bristolbears	rctofficiel
bristolbears	rugbyworldcup
bristolbears	saintsrugby
bristolbears	saracens
bristolbears	sfparisrugby
bristolbears	sixnationsrugby
bristolbears	skysportsrugby
bristolbears	ulsterrugby
bristolbears	urcofficial
bristolbears	welshrugbyunion
bristolbears	worldrugby
championscup	asmofficiel
championscup	bristolbears
championscup	connachtrugby
championscup	englandrugby
championscup	exeterchiefs
championscup	federugby
championscup	francerugby
championscup	harlequins
championscup	irishrugby
championscup	leinsterrugby
championscup	mhr_officiel
championscup	munsterrugby
championscup	premrugby
championscup	racing92
championscup	rctofficiel
championscup	rugby_ie
championscup	rugbyworldcup
championscup	saintsrugby
championscup	saracens
championscup	scotlandteam
championscup	sfparisrugby
championscup	sixnationsrugby
championscup	skysportsrugby
championscup	stadetoulousain
championscup	ulsterrugby
championscup	urcofficial
championscup	welshrugbyunion
championscup	womens6nations
championscup	worldrugby
connachtrugby	bristolbears
connachtrugby	championscup
connachtrugby	englandrugby
connachtrugby	exeterchiefs
connachtrugby	harlequins
connachtrugby	irishrugby
connachtrugby	leinsterrugby
connachtrugby	mhr_officiel
connachtrugby	munsterrugby
connachtrugby	rugby_ie
connachtrugby	rugbyworldcup
connachtrugby	saintsrugby
connachtrugby	saracens
connachtrugby	sixnationsrugby
connachtrugby	skysportsrugby
connachtrugby	stadetoulousain
connachtrugby	ulsterrugby
connachtrugby	urcofficial
connachtrugby	womens6nations
connachtrugby	worldrugby
englandrugby	asmofficiel
englandrugby	bristolbears
englandrugby	championscup
englandrugby	connachtrugby
englandrugby	exeterchiefs
englandrugby	federugby
englandrugby	francerugby
englandrugby	harlequins
englandrugby	irishrugby
englandrugby	leinsterrugby
englandrugby	munsterrugby
englandrugby	premrugby
englandrugby	rctofficiel
englandrugby	rugbyworldcup
englandrugby	saintsrugby
englandrugby	saracens
englandrugby	scotlandteam
englandrugby	sixnationsrugby
englandrugby	skysportsrugby
englandrugby	ulsterrugby
englandrugby	urcofficial
englandrugby	welshrugbyunion
englandrugby	womens6nations
englandrugby	worldrugby
exeterchiefs	asmofficiel
exeterchiefs	bristolbears
exeterchiefs	championscup
exeterchiefs	connachtrugby
exeterchiefs	englandrugby
exeterchiefs	federugby
exeterchiefs	francerugby
exeterchiefs	harlequins
exeterchiefs	irishrugby
exeterchiefs	leinsterrugby
exeterchiefs	mhr_officiel
exeterchiefs	munsterrugby
exeterchiefs	premrugby
exeterchiefs	racing92
exeterchiefs	rctofficiel
exeterchiefs	rugbyworldcup
exeterchiefs	saintsrugby
exeterchiefs	saracens
exeterchiefs	scotlandteam
exeterchiefs	sfparisrugby
exeterchiefs	sixnationsrugby
exeterchiefs	skysportsrugby
exeterchiefs	stadetoulousain
exeterchiefs	ulsterrugby
exeterchiefs	urcofficial
exeterchiefs	welshrugbyunion
exeterchiefs	womens6nations
exeterchiefs	worldrugby
federugby	bristolbears
federugby	championscup
federugby	connachtrugby
federugby	englandrugby
federugby	exeterchiefs
federugby	francerugby
federugby	harlequins
federugby	leinsterrugby
federugby	munsterrugby
federugby	premrugby
federugby	racing92
federugby	rctofficiel
federugby	rugbyworldcup
federugby	saintsrugby
federugby	saracens
federugby	scotlandteam
federugby	sfparisrugby
federugby	sixnationsrugby
federugby	skysportsrugby
federugby	stadetoulousain
federugby	ulsterrugby
federugby	urcofficial
federugby	welshrugbyunion
federugby	worldrugby
francerugby	asmofficiel
francerugby	championscup
francerugby	englandrugby
francerugby	federugby
francerugby	irishrugby
francerugby	mhr_officiel
francerugby	racing92
francerugby	rctofficiel
francerugby	rugbyworldcup
francerugby	scotlandteam
francerugby	sfparisrugby
francerugby	sixnationsrugby
francerugby	stadetoulousain
francerugby	welshrugbyunion
francerugby	womens6nations
francerugby	worldrugby
harlequins	asmofficiel
harlequins	bristolbears
harlequins	championscup
harlequins	englandrugby
harlequins	exeterchiefs
harlequins	munsterrugby
harlequins	premrugby
harlequins	racing92
harlequins	rugbyworldcup
harlequins	saintsrugby
harlequins	saracens
harlequins	scotlandteam
harlequins	sfparisrugby
harlequins	sixnationsrugby
harlequins	skysportsrugby
harlequins	ulsterrugby
harlequins	welshrugbyunion
harlequins	worldrugby
irishrugby	championscup
irishrugby	connachtrugby
irishrugby	englandrugby
irishrugby	federugby
irishrugby	francerugby
irishrugby	leinsterrugby
irishrugby	munsterrugby
irishrugby	premrugby
irishrugby	rugby_ie
irishrugby	rugbyworldcup
irishrugby	scotlandteam
irishrugby	sixnationsrugby
irishrugby	skysportsrugby
irishrugby	ulsterrugby
irishrugby	urcofficial
irishrugby	welshrugbyunion
irishrugby	womens6nations
irishrugby	worldrugby
leinsterrugby	asmofficiel
leinsterrugby	bristolbears
leinsterrugby	championscup
leinsterrugby	connachtrugby
leinsterrugby	englandrugby
leinsterrugby	irishrugby
leinsterrugby	munsterrugby
leinsterrugby	premrugby
leinsterrugby	rugby_ie
leinsterrugby	rugbyworldcup
leinsterrugby	scotlandteam
leinsterrugby	sixnationsrugby
leinsterrugby	skysportsrugby
leinsterrugby	ulsterrugby
leinsterrugby	urcofficial
leinsterrugby	welshrugbyunion
leinsterrugby	womens6nations
leinsterrugby	worldrugby
mhr_officiel	asmofficiel
mhr_officiel	championscup
mhr_officiel	connachtrugby
mhr_officiel	englandrugby
mhr_officiel	exeterchiefs
mhr_officiel	francerugby
mhr_officiel	irishrugby
mhr_officiel	leinsterrugby
mhr_officiel	munsterrugby
mhr_officiel	premrugby
mhr_officiel	racing92
mhr_officiel	rctofficiel
mhr_officiel	rugbyworldcup
mhr_officiel	saintsrugby
mhr_officiel	sfparisrugby
mhr_officiel	sixnationsrugby
mhr_officiel	stadetoulousain
mhr_officiel	welshrugbyunion
munsterrugby	asmofficiel
munsterrugby	championscup
munsterrugby	connachtrugby
munsterrugby	irishrugby
munsterrugby	leinsterrugby
munsterrugby	racing92
munsterrugby	rctofficiel
munsterrugby	rugby_ie
munsterrugby	rugbyworldcup
munsterrugby	saintsrugby
munsterrugby	skysportsrugby
munsterrugby	ulsterrugby
munsterrugby	urcofficial
munsterrugby	worldrugby
premrugby	asmofficiel
premrugby	bristolbears
premrugby	championscup
premrugby	connachtrugby
premrugby	englandrugby
premrugby	exeterchiefs
premrugby	federugby
premrugby	francerugby
premrugby	harlequins
premrugby	irishrugby
premrugby	leinsterrugby
premrugby	mhr_officiel
premrugby	munsterrugby
premrugby	rctofficiel
premrugby	rugbyworldcup
premrugby	saintsrugby
premrugby	saracens
premrugby	scotlandteam
premrugby	sixnationsrugby
premrugby	skysportsrugby
premrugby	ulsterrugby
premrugby	urcofficial
premrugby	welshrugbyunion
premrugby	worldrugby
racing92	asmofficiel
racing92	championscup
racing92	connachtrugby
racing92	englandrugby
racing92	exeterchiefs
racing92	federugby
racing92	francerugby
racing92	harlequins
racing92	irishrugby
racing92	leinsterrugby
racing92	mhr_officiel
racing92	munsterrugby
racing92	premrugby
racing92	rctofficiel
racing92	rugbyworldcup
racing92	saintsrugby
racing92	saracens
racing92	scotlandteam
racing92	sfparisrugby
racing92	sixnationsrugby
racing92	skysportsrugby
racing92	stadetoulousain
racing92	ulsterrugby
racing92	welshrugbyunion
racing92	worldrugby
rctofficiel	asmofficiel
rctofficiel	championscup
rctofficiel	englandrugby
rctofficiel	exeterchiefs
rctofficiel	federugby
rctofficiel	francerugby
rctofficiel	harlequins
rctofficiel	irishrugby
rctofficiel	leinsterrugby
rctofficiel	mhr_officiel
rctofficiel	munsterrugby
rctofficiel	racing92
rctofficiel	rugbyworldcup
rctofficiel	saracens
rctofficiel	scotlandteam
rctofficiel	sfparisrugby
rctofficiel	sixnationsrugby
rctofficiel	skysportsrugby
rctofficiel	stadetoulousain
rctofficiel	worldrugby
rugby_ie	asmofficiel
rugby_ie	championscup
rugby_ie	connachtrugby
rugby_ie	englandrugby
rugby_ie	exeterchiefs
rugby_ie	federugby
rugby_ie	harlequins
rugby_ie	irishrugby
rugby_ie	leinsterrugby
rugby_ie	mhr_officiel
rugby_ie	munsterrugby
rugby_ie	premrugby
rugby_ie	racing92
rugby_ie	rctofficiel
rugby_ie	rugbyworldcup
rugby_ie	saracens
rugby_ie	scotlandteam
rugby_ie	sfparisrugby
rugby_ie	sixnationsrugby
rugby_ie	skysportsrugby
rugby_ie	ulsterrugby
rugby_ie	urcofficial
rugby_ie	welshrugbyunion
rugby_ie	worldrugby
rugbyworldcup	englandrugby
rugbyworldcup	exeterchiefs
rugbyworldcup	federugby
rugbyworldcup	francerugby
rugbyworldcup	irishrugby
rugbyworldcup	scotlandteam
rugbyworldcup	skysportsrugby
rugbyworldcup	urcofficial
rugbyworldcup	welshrugbyunion
rugbyworldcup	womens6nations
rugbyworldcup	worldrugby
saintsrugby	championscup
saintsrugby	englandrugby
saintsrugby	premrugby
saintsrugby	rugbyworldcup
saintsrugby	scotlandteam
saintsrugby	skysportsrugby
saintsrugby	welshrugbyunion
saracens	bristolbears
saracens	championscup
saracens	englandrugby
saracens	exeterchiefs
saracens	federugby
saracens	harlequins
saracens	premrugby
saracens	rugbyworldcup
saracens	saintsrugby
saracens	scotlandteam
saracens	sixnationsrugby
saracens	skysportsrugby
saracens	ulsterrugby
saracens	welshrugbyunion
saracens	worldrugby
scotlandteam	championscup
scotlandteam	connachtrugby
scotlandteam	englandrugby
scotlandteam	federugby
scotlandteam	francerugby
scotlandteam	harlequins
scotlandteam	irishrugby
scotlandteam	leinsterrugby
scotlandteam	premrugby
scotlandteam	rugbyworldcup
scotlandteam	sixnationsrugby
scotlandteam	skysportsrugby
scotlandteam	ulsterrugby
scotlandteam	urcofficial
scotlandteam	welshrugbyunion
scotlandteam	womens6nations
scotlandteam	worldrugby
sfparisrugby	asmofficiel
sfparisrugby	bristolbears
sfparisrugby	championscup
sfparisrugby	connachtrugby
sfparisrugby	exeterchiefs
sfparisrugby	francerugby
sfparisrugby	harlequins
sfparisrugby	mhr_officiel
sfparisrugby	racing92
sfparisrugby	rctofficiel
sfparisrugby	rugbyworldcup
sfparisrugby	sixnationsrugby
sfparisrugby	stadetoulousain
sfparisrugby	worldrugby
sixnationsrugby	asmofficiel
sixnationsrugby	championscup
sixnationsrugby	connachtrugby
sixnationsrugby	englandrugby
sixnationsrugby	federugby
sixnationsrugby	francerugby
sixnationsrugby	harlequins
sixnationsrugby	irishrugby
sixnationsrugby	leinsterrugby
sixnationsrugby	mhr_officiel
sixnationsrugby	munsterrugby
sixnationsrugby	premrugby
sixnationsrugby	racing92
sixnationsrugby	rctofficiel
sixnationsrugby	saintsrugby
sixnationsrugby	saracens
sixnationsrugby	scotlandteam
sixnationsrugby	sfparisrugby
sixnationsrugby	ulsterrugby
sixnationsrugby	urcofficial
sixnationsrugby	welshrugbyunion
sixnationsrugby	womens6nations
sixnationsrugby	worldrugby
skysportsrugby	bristolbears
skysportsrugby	championscup
skysportsrugby	connachtrugby
skysportsrugby	englandrugby
skysportsrugby	exeterchiefs
skysportsrugby	federugby
skysportsrugby	harlequins
skysportsrugby	irishrugby
skysportsrugby	leinsterrugby
skysportsrugby	munsterrugby
skysportsrugby	racing92
skysportsrugby	rctofficiel
skysportsrugby	rugbyworldcup
skysportsrugby	saintsrugby
skysportsrugby	saracens
skysportsrugby	scotlandteam
skysportsrugby	sfparisrugby
skysportsrugby	sixnationsrugby
skysportsrugby	ulsterrugby
skysportsrugby	urcofficial
skysportsrugby	welshrugbyunion
skysportsrugby	womens6nations
skysportsrugby	worldrugby
stadetoulousain	asmofficiel
stadetoulousain	championscup
stadetoulousain	connachtrugby
stadetoulousain	francerugby
stadetoulousain	leinsterrugby
stadetoulousain	mhr_officiel
stadetoulousain	munsterrugby
stadetoulousain	racing92
stadetoulousain	rctofficiel
stadetoulousain	saracens
stadetoulousain	sfparisrugby
stadetoulousain	ulsterrugby
stadetoulousain	worldrugby
ulsterrugby	asmofficiel
ulsterrugby	championscup
ulsterrugby	connachtrugby
ulsterrugby	englandrugby
ulsterrugby	federugby
ulsterrugby	francerugby
ulsterrugby	harlequins
ulsterrugby	irishrugby
ulsterrugby	leinsterrugby
ulsterrugby	munsterrugby
ulsterrugby	premrugby
ulsterrugby	racing92
ulsterrugby	rctofficiel
ulsterrugby	rugby_ie
ulsterrugby	rugbyworldcup
ulsterrugby	saintsrugby
ulsterrugby	saracens
ulsterrugby	sixnationsrugby
ulsterrugby	skysportsrugby
ulsterrugby	stadetoulousain
ulsterrugby	urcofficial
ulsterrugby	welshrugbyunion
ulsterrugby	womens6nations
ulsterrugby	worldrugby
urcofficial	asmofficiel
urcofficial	bristolbears
urcofficial	championscup
urcofficial	connachtrugby
urcofficial	englandrugby
urcofficial	exeterchiefs
urcofficial	federugby
urcofficial	harlequins
urcofficial	irishrugby
urcofficial	leinsterrugby
urcofficial	munsterrugby
urcofficial	premrugby
urcofficial	racing92
urcofficial	rctofficiel
urcofficial	rugby_ie
urcofficial	rugbyworldcup
urcofficial	saintsrugby
urcofficial	saracens
urcofficial	scotlandteam
urcofficial	sixnationsrugby
urcofficial	skysportsrugby
urcofficial	stadetoulousain
urcofficial	ulsterrugby
urcofficial	welshrugbyunion
urcofficial	womens6nations
urcofficial	worldrugby
welshrugbyunion	bristolbears
welshrugbyunion	championscup
welshrugbyunion	englandrugby
welshrugbyunion	exeterchiefs
welshrugbyunion	federugby
welshrugbyunion	francerugby
welshrugbyunion	harlequins
welshrugbyunion	irishrugby
welshrugbyunion	leinsterrugby
welshrugbyunion	mhr_officiel
welshrugbyunion	premrugby
welshrugbyunion	racing92
welshrugbyunion	rugbyworldcup
welshrugbyunion	saintsrugby
welshrugbyunion	saracens
welshrugbyunion	scotlandteam
welshrugbyunion	sixnationsrugby
welshrugbyunion	skysportsrugby
welshrugbyunion	ulsterrugby
welshrugbyunion	urcofficial
welshrugbyunion	womens6nations
welshrugbyunion	worldrugby
womens6nations	englandrugby
womens6nations	francerugby
womens6nations	irishrugby
womens6nations	leinsterrugby
womens6nations	scotlandteam
womens6nations	sixnationsrugby
womens6nations	skysportsrugby
womens6nations	urcofficial
womens6nations	welshrugbyunion
womens6nations	worldrugby
worldrugby	asmofficiel
worldrugby	championscup
worldrugby	englandrugby
worldrugby	exeterchiefs
worldrugby	federugby
worldrugby	francerugby
worldrugby	harlequins
worldrugby	irishrugby
worldrugby	leinsterrugby
worldrugby	munsterrugby
worldrugby	premrugby
worldrugby	racing92
worldrugby	rctofficiel
worldrugby	rugbyworldcup
worldrugby	saintsrugby
worldrugby	saracens
worldrugby	scotlandteam
worldrugby	sfparisrugby
worldrugby	sixnationsrugby
worldrugby	skysportsrugby
worldrugby	ulsterrugby
worldrugby	urcofficial
worldrugby	welshrugbyunion
worldrugby	womens6nations
